{"schemaVersion":"1.0","appDefinitionTemplate":{"id":"/providers/Microsoft.PowerApps/apps/","type":"Microsoft.PowerApps/apps","tags":{"primaryDeviceWidth":"1366","primaryDeviceHeight":"768","sienaVersion":"20210418T134004Z-3.21041.29.0","deviceCapabilities":"","supportsPortrait":"false","supportsLandscape":"true","primaryFormFactor":"Tablet","publisherVersion":"3.21041.29","minimumRequiredApiVersion":"2.2.0","hasComponent":"false","hasUnlockedComponent":"false","isUnifiedRootApp":"false"},"properties":{"appVersion":"2021-04-18T13:40:04Z","lifeCycleId":"Published","createdByClientVersion":{"major":3,"minor":21041,"build":29,"revision":0,"majorRevision":0,"minorRevision":0},"minClientVersion":{"major":3,"minor":21041,"build":29,"revision":0,"majorRevision":0,"minorRevision":0},"backgroundColor":"rgba(165, 34, 55, 1)","backgroundImageUri":"/5555507265480403356/N7ddd2e85-8bfb-4f59-a0c8-fe1d55a0e8b8-logoSmallFile","displayName":"Real Estate","description":"","commitMessage":"","appUris":{"documentUri":{"value":"/5555507265480403356/N9b5a2ca7-847c-4e89-9cdb-233ad1699d3b-document.msapp"},"imageUris":[]},"createdTime":"0001-01-01T00:00:00Z","lastModifiedTime":"0001-01-01T00:00:00Z","sharedGroupsCount":0,"sharedUsersCount":0,"icons":{"smallIconUri":"/5555507265480403356/N31220a24-6f3c-4a3d-bb6b-5d9f2287fde9-small.png","mediumIconUri":"/5555507265480403356/N3790d5b7-ead2-4c51-b2b6-20a44d390851-medium.png","largeIconUri":"/5555507265480403356/Na5c1f5ff-c49d-400e-9484-ccbfec549dfa-large.png","wideIconUri":"/5555507265480403356/N50d91c47-c709-4119-8c63-40443226f73d-wide.png"},"connectionReferences":{"9e225a3e-b605-49a3-9c3d-fa254335ce62":{"id":"249b80a9-060c-44e4-afba-45f78034af58","displayName":"Excel","iconUri":"https://connectoricons-prod.azureedge.net/releases/v1.0.1440/1.0.1440.2331/excel/icon.png","dataSources":["Listings","Agents"],"dependencies":["9cdc3e4c-926c-46a2-bccf-c4f54df34f48"],"dependents":[],"parameterHints":{"9cdc3e4c-926c-46a2-bccf-c4f54df34f48":{"value":"fileSource"}},"isOnPremiseConnection":false,"bypassConsent":false,"dataSets":{"b!8iqxSiZAHEuqo5Ojzt14bWdW_3zOtZ5NudpuOT9l-XIdhnoZrM1vRre-vH2ddOpP.01MTXK55KCCXOMUEKRQJAL7EDNH2OJ6Q5I":{"dataSources":{"Listings":{"tableName":"Listings"}}},"b!8iqxSiZAHEuqo5Ojzt14bWdW_3zOtZ5NudpuOT9l-XIdhnoZrM1vRre-vH2ddOpP.01MTXK55LJQHYRRGLYYJF2LVHB3TBZYGJ7":{"dataSources":{"Agents":{"tableName":"Agents"}}}},"apiTier":"Standard","isCustomApiConnection":false},"9cdc3e4c-926c-46a2-bccf-c4f54df34f48":{"id":"5a74d5a6-ea93-46f1-bc84-800e9bfaad5e","displayName":"OneDrive for Business","iconUri":"https://connectoricons-prod.azureedge.net/releases/v1.0.1439/1.0.1439.2325/onedriveforbusiness/icon.png","dataSources":[],"dependencies":[],"dependents":["9e225a3e-b605-49a3-9c3d-fa254335ce62"],"parameterHints":{},"isOnPremiseConnection":false,"bypassConsent":false,"dataSets":{},"apiTier":"Standard","isCustomApiConnection":false},"741c6a18-dff2-4ad0-93a1-38af21a02a41":{"id":"267b8fd2-8e12-499b-8042-798993d9b84b","displayName":"Spatial Services","iconUri":"https://connectoricons-prod.azureedge.net/releases/v1.0.1444/1.0.1444.2347/microsoftspatialservices/icon.png","dataSources":["SpatialServices"],"dependencies":[],"dependents":[],"parameterHints":{},"isOnPremiseConnection":false,"bypassConsent":false,"dataSets":{},"apiTier":"Premium","isCustomApiConnection":false}},"databaseReferences":{"default.cds":{"databaseDetails":{"referenceType":"Environmental","environmentName":"default.cds"},"dataSources":{"Organizations":{"entitySetName":"organizations","logicalName":"organization"}}}},"almMode":"Environment","performanceOptimizationEnabled":true,"canConsumeAppPass":true,"executionRestrictions":{"isTeamsOnly":false,"dataLossPreventionEvaluationResult":{"status":"Compliant","lastEvaluationDate":"2021-04-17T13:17:35.0895018Z","violationDetails":[]}}},"isAppComponentLibrary":false,"appType":"ClassicCanvasApp","appComponents":[]}}