{"schemaVersion":"1.0","appDefinitionTemplate":{"id":"/providers/Microsoft.PowerApps/apps/","type":"Microsoft.PowerApps/apps","tags":{"primaryDeviceWidth":"640","primaryDeviceHeight":"1136","sienaVersion":"20210427T112524Z-3.21043.23.0","deviceCapabilities":"","supportsPortrait":"true","supportsLandscape":"false","primaryFormFactor":"Phone","publisherVersion":"3.21043.23","minimumRequiredApiVersion":"2.2.0","hasComponent":"false","hasUnlockedComponent":"false","isUnifiedRootApp":"false"},"properties":{"appVersion":"2021-04-27T11:25:24Z","lifeCycleId":"Published","createdByClientVersion":{"major":3,"minor":21043,"build":23,"revision":0,"majorRevision":0,"minorRevision":0},"minClientVersion":{"major":3,"minor":21043,"build":23,"revision":0,"majorRevision":0,"minorRevision":0},"backgroundColor":"rgba(0, 176, 240, 1)","backgroundImageUri":"/13787989598388021817/N89d12d8d-68d9-49a9-b9db-053e52dae96d-logoSmallFile","displayName":"Multiple Screens Form","description":"","commitMessage":"","appUris":{"documentUri":{"value":"/13787989598388021817/N3adab4e7-ac83-4f86-8689-0120db012999-document.msapp"},"imageUris":[]},"createdTime":"0001-01-01T00:00:00Z","lastModifiedTime":"0001-01-01T00:00:00Z","sharedGroupsCount":0,"sharedUsersCount":0,"icons":{"smallIconUri":"/13787989598388021817/N0729fa85-2a9f-4640-ba38-3fbb24ded617-small.png","mediumIconUri":"/13787989598388021817/N16fe557c-cae6-43b3-b9e8-a275eeb74a3d-medium.png","largeIconUri":"/13787989598388021817/N4829cd98-ca53-4dd2-a70d-0b8e69f65d8f-large.png","wideIconUri":"/13787989598388021817/N72106361-d943-4bf6-9a41-b9eeacbb72e4-wide.png"},"connectionReferences":{"8a563a8e-f94a-4b00-9673-4a172f1b9b14":{"id":"65c94e8b-a158-471f-8e01-235d1e25c5d1","displayName":"SharePoint","iconUri":"https://connectoricons-prod.azureedge.net/releases/v1.0.1458/1.0.1458.2381/sharepointonline/icon.png","dataSources":["Work progress tracker"],"dependencies":[],"dependents":[],"parameterHints":{},"isOnPremiseConnection":false,"bypassConsent":false,"dataSets":{"https://spfxsharepoint.sharepoint.com/sites/TheLanding":{"dataSources":{"Work progress tracker":{"tableName":"d1f26047-ba2f-4e3b-91c5-a8849f04f1ce"}}}},"apiTier":"Standard","isCustomApiConnection":false}},"databaseReferences":{},"almMode":"Environment","performanceOptimizationEnabled":true,"canConsumeAppPass":true,"executionRestrictions":{"isTeamsOnly":false,"dataLossPreventionEvaluationResult":{"status":"Compliant","lastEvaluationDate":"2021-04-25T14:29:01.790373Z","violationDetails":[]}}},"isAppComponentLibrary":false,"appType":"ClassicCanvasApp","appComponents":[]}}